Rogerio,Pittaway,17/07/1989
Chickie,Gleder,24/05/1991
Wilbur,Goodhall,30/08/1987
Adriena,Skedge,06/12/1990
Cosmo,Weson,08/11/1993
Stearne,Grzeskowski,29/10/2002
Reed,Mauvin,06/12/1987
Desdemona,Hartfleet,22/03/2001
Alis,Goodhew,27/06/1992
Clemmy,Bilt,28/10/1995
Ryon,Joddens,21/12/1993
Meggi,Stilwell,18/11/1991
Hersh,Derricoat,21/05/1997
Webb,Gruszecki,18/01/1990
Truman,Knolles-Green,24/12/2003
Becki,Mably,23/01/1992
Janek,Pluthero,21/03/1990
Boonie,Heyworth,22/05/2000
Ayn,Chasemoore,12/12/1993
Meggi,Grenfell,11/06/1993
Athena,McElmurray,02/05/2001
Trudey,Rudsdell,06/11/2001
Drugi,Farries,06/07/1997
Paula,Keavy,18/02/1991
Winnie,Paddeley,09/09/1988
Gage,Hackinge,27/07/1995
Jany,Hilbourne,15/02/1988
Jsandye,Mycock,11/06/1998
Stinky,Gamblin,25/02/1998
Verine,Spurritt,21/10/1995
